Workbook
Name Slicer_Department: #N/A
Name Slicer_Month_Name: #N/A
Name Slicer_Service: #N/A

Sheet Raw Datasets
A1: Month | B1: State | C1: Hospital | D1: Department | E1: Service | F1: Gender | G1: Patients Admitted | H1: Patients Discharged | I1: Mortality Count | J1: Avg Stay (Days)
A2: 2023-04 | B2: Delta | C2: Asaba General Hospital | D2: Pediatrics | E2: Admission | F2: Female | G2: 5 | H2: 5 | I2: 1 | J2: 4.6
A3: 2023-04 | B3: FCT | C3: National Hospital Abuja | D3: Pediatrics | E3: Delivery | F3: Male | G3: 3 | H3: 3 | I3: 0 | J3: 3.8
A4: 2023-06 | B4: FCT | C4: National Hospital Abuja | D4: Outpatient | E4: Surgery | F4: Male | G4: 5 | H4: 5 | I4: 0 | J4: 4.5
A5: 2023-10 | B5: Anambra | C5: Amaku General Hospital | D5: Maternity | E5: Consultation | F5: Female | G5: 3 | H5: 3 | I5: 0 | J5: 2.8
A6: 2023-10 | B6: Lagos | C6: LASUTH | D6: Outpatient | E6: Lab Test | F6: Female | G6: 5 | H6: 4 | I6: 0 | J6: 3
A7: 2023-08 | B7: Lagos | C7: LASUTH | D7: Internal Medicine | E7: Admission | F7: Male | G7: 3 | H7: 3 | I7: 0 | J7: 1.9
A8: 2023-01 | B8: Edo | C8: Central Hospital Benin | D8: Outpatient | E8: Consultation | F8: Male | G8: 8 | H8: 8 | I8: 0 | J8: 2
A9: 2023-03 | B9: Kaduna | C9: Barau Dikko Hospital | D9: Internal Medicine | E9: Consultation | F9: Male | G9: 5 | H9: 4 | I9: 0 | J9: 1.4
A10: 2023-01 | B10: Kaduna | C10: St Gerard Hospital | D10: Emergency | E10: Admission | F10: Female | G10: 3 | H10: 2 | I10: 0 | J10: 3.9
A11: 2023-10 | B11: Kano | C11: Murtala Mohammed Hospital | D11: Surgery | E11: Consultation | F11: Female | G11: 2 | H11: 1 | I11: 0 | J11: 3.8
A12: 2023-02 | B12: Kaduna | C12: St Gerard Hospital | D12: Pediatrics | E12: Surgery | F12: Male | G12: 2 | H12: 2 | I12: 0 | J12: 3.8
A13: 2023-08 | B13: Kano | C13: Aminu Kano Teaching Hospital | D13: Surgery | E13: Delivery | F13: Female | G13: 6 | H13: 6 | I13: 0 | J13: 3.3
... A1001: 2023-12 | B1001: Kaduna | C1001: St Gerard Hospital | D1001: Maternity | E1001: Surgery | F1001: Female | G1001: 10 | H1001: 9 | I1001: 1 | J1001: 3.1

Sheet Cleaned Datasets
A1: Month | B1: Formatted_Month | C1: Month Name | D1: State | E1: Hospital | F1: Department | G1: Service | H1: Gender | I1: Patients Admitted | J1: Patients Discharged | K1: Mortality Count | L1: Avg Stay (Days) | M1: Discharge Rate | N1: Mortality
A2: 2023-04 | B2: =DATE(LEFT(A2,4), RIGHT(A2,2), 1) -> 45017 | C2: =TEXT('Cleaned Datasets'!$B2,"MMMM") -> April | D2: Delta | E2: Asaba General Hospital | F2: Pediatrics | G2: Admission | H2: Female | I2: 5 | J2: 5 | K2: 1 | L2: 4.6 | M2: =IFERROR(J2/I2,0) -> 1 | N2: =IFERROR(K2/I2,0) -> 0.2 | P2: =SUM('Cleaned Datasets'!$I2) -> 5
A3: 2023-04 | B3: =DATE(LEFT(A3,4), RIGHT(A3,2), 1) -> 45017 | C3: =TEXT('Cleaned Datasets'!$B3,"MMMM") -> April | D3: FCT | E3: National Hospital Abuja | F3: Pediatrics | G3: Delivery | H3: Male | I3: 3 | J3: 3 | K3: 0 | L3: 3.8 | M3: =IFERROR(J3/I3,0) -> 1 | N3: =IFERROR(K3/I3,0) -> 0
A4: 2023-06 | B4: =DATE(LEFT(A4,4), RIGHT(A4,2), 1) -> 45078 | C4: =TEXT('Cleaned Datasets'!$B4,"MMMM") -> June | D4: FCT | E4: National Hospital Abuja | F4: Outpatient | G4: Surgery | H4: Male | I4: 5 | J4: 5 | K4: 0 | L4: 4.5 | M4: =IFERROR(J4/I4,0) -> 1 | N4: =IFERROR(K4/I4,0) -> 0
A5: 2023-10 | B5: =DATE(LEFT(A5,4), RIGHT(A5,2), 1) -> 45200 | C5: =TEXT('Cleaned Datasets'!$B5,"MMMM") -> October | D5: Anambra | E5: Amaku General Hospital | F5: Maternity | G5: Consultation | H5: Female | I5: 3 | J5: 3 | K5: 0 | L5: 2.8 | M5: =IFERROR(J5/I5,0) -> 1 | N5: =IFERROR(K5/I5,0) -> 0
A6: 2023-10 | B6: =DATE(LEFT(A6,4), RIGHT(A6,2), 1) -> 45200 | C6: =TEXT('Cleaned Datasets'!$B6,"MMMM") -> October | D6: Lagos | E6: LASUTH | F6: Outpatient | G6: Lab Test | H6: Female | I6: 5 | J6: 4 | K6: 0 | L6: 3 | M6: =IFERROR(J6/I6,0) -> 0.8 | N6: =IFERROR(K6/I6,0) -> 0
A7: 2023-08 | B7: =DATE(LEFT(A7,4), RIGHT(A7,2), 1) -> 45139 | C7: =TEXT('Cleaned Datasets'!$B7,"MMMM") -> August | D7: Lagos | E7: LASUTH | F7: Internal Medicine | G7: Admission | H7: Male | I7: 3 | J7: 3 | K7: 0 | L7: 1.9 | M7: =IFERROR(J7/I7,0) -> 1 | N7: =IFERROR(K7/I7,0) -> 0
A8: 2023-01 | B8: =DATE(LEFT(A8,4), RIGHT(A8,2), 1) -> 44927 | C8: =TEXT('Cleaned Datasets'!$B8,"MMMM") -> January | D8: Edo | E8: Central Hospital Benin | F8: Outpatient | G8: Consultation | H8: Male | I8: 8 | J8: 8 | K8: 0 | L8: 2 | M8: =IFERROR(J8/I8,0) -> 1 | N8: =IFERROR(K8/I8,0) -> 0
A9: 2023-03 | B9: =DATE(LEFT(A9,4), RIGHT(A9,2), 1) -> 44986 | C9: =TEXT('Cleaned Datasets'!$B9,"MMMM") -> March | D9: Kaduna | E9: Barau Dikko Hospital | F9: Internal Medicine | G9: Consultation | H9: Male | I9: 5 | J9: 4 | K9: 0 | L9: 1.4 | M9: =IFERROR(J9/I9,0) -> 0.8 | N9: =IFERROR(K9/I9,0) -> 0
A10: 2023-01 | B10: =DATE(LEFT(A10,4), RIGHT(A10,2), 1) -> 44927 | C10: =TEXT('Cleaned Datasets'!$B10,"MMMM") -> January | D10: Kaduna | E10: St Gerard Hospital | F10: Emergency | G10: Admission | H10: Female | I10: 3 | J10: 2 | K10: 0 | L10: 3.9 | M10: =IFERROR(J10/I10,0) -> 0.66666667 | N10: =IFERROR(K10/I10,0) -> 0
A11: 2023-10 | B11: =DATE(LEFT(A11,4), RIGHT(A11,2), 1) -> 45200 | C11: =TEXT('Cleaned Datasets'!$B11,"MMMM") -> October | D11: Kano | E11: Murtala Mohammed Hospital | F11: Surgery | G11: Consultation | H11: Female | I11: 2 | J11: 1 | K11: 0 | L11: 3.8 | M11: =IFERROR(J11/I11,0) -> 0.5 | N11: =IFERROR(K11/I11,0) -> 0
A12: 2023-02 | B12: =DATE(LEFT(A12,4), RIGHT(A12,2), 1) -> 44958 | C12: =TEXT('Cleaned Datasets'!$B12,"MMMM") -> February | D12: Kaduna | E12: St Gerard Hospital | F12: Pediatrics | G12: Surgery | H12: Male | I12: 2 | J12: 2 | K12: 0 | L12: 3.8 | M12: =IFERROR(J12/I12,0) -> 1 | N12: =IFERROR(K12/I12,0) -> 0
A13: 2023-08 | B13: =DATE(LEFT(A13,4), RIGHT(A13,2), 1) -> 45139 | C13: =TEXT('Cleaned Datasets'!$B13,"MMMM") -> August | D13: Kano | E13: Aminu Kano Teaching Hospital | F13: Surgery | G13: Delivery | H13: Female | I13: 6 | J13: 6 | K13: 0 | L13: 3.3 | M13: =IFERROR(J13/I13,0) -> 1 | N13: =IFERROR(K13/I13,0) -> 0
A14: 2023-04 | B14: =DATE(LEFT(A14,4), RIGHT(A14,2), 1) -> 45017 | C14: =TEXT('Cleaned Datasets'!$B14,"MMMM") -> April | D14: Delta | E14: Asaba General Hospital | F14: Outpatient | G14: Admission | H14: Male | I14: 1 | J14: 1 | K14: 0 | L14: 3.1 | M14: =IFERROR(J14/I14,0) -> 1 | N14: =IFERROR(K14/I14,0) -> 0
... A1001: 2023-12 | B1001: =DATE(LEFT(A1001,4), RIGHT(A1001,2), 1) -> 45261 | C1001: =TEXT('Cleaned Datasets'!$B1001,"MMMM") -> December | D1001: Kaduna | E1001: St Gerard Hospital | F1001: Maternity | G1001: Surgery | H1001: Female | I1001: 10 | J1001: 9 | K1001: 1 | L1001: 3.1 | M1001: =IFERROR(J1001/I1001,0) -> 0.9 | N1001: =IFERROR(K1001/I1001,0) -> 0.1

Sheet Anaysis_1
A3: \;[' | B3: Sum of Patients Admitted
A4: January | B4: 399
A5: February | B5: 349
A6: March | B6: 459
A7: April | B7: 425
A8: May | B8: 410
A9: June | B9: 396
A10: July | B10: 419
A11: August | B11: 311
A12: September | B12: 424
A13: October | B13: 481
A14: November | B14: 371
A15: December | B15: 408
A16: Grand Total | B16: 4852

Sheet Analysis_2
A3: Row Labels | B3: Sum of Patients Admitted
A4: Kaduna | B4: 629
A5: Edo | B5: 572
A6: Rivers | B6: 549
A7: Borno | B7: 486
A8: Oyo | B8: 469
A9: Lagos | B9: 469
A10: FCT | B10: 449
A11: Kano | B11: 444
A12: Delta | B12: 413
A13: Anambra | B13: 372
A14: Grand Total | B14: 4852

Sheet Analysis_3
A3: Row Labels | B3: Sum of Patients Admitted
A4: Central Hospital Benin | B4: 318
A5: St Gerard Hospital | B5: 318
A6: Barau Dikko Hospital | B6: 311
A7: Braithwaite Memorial Hospital | B7: 300
A8: National Hospital Abuja | B8: 280
A9: Maiduguri Specialist Hospital | B9: 259
A10: Ikeja General Hospital | B10: 255
A11: UBTH | B11: 254
A12: UPTH | B12: 249
A13: Adeoyo Maternity Hospital | B13: 237
A14: Grand Total | B14: 2781

Sheet Anaylsis_4
A3: Row Labels | B3: Sum of Patients Admitted
A4: Emergency | B4: 820
A5: Internal Medicine | B5: 772
A6: Maternity | B6: 819
A7: Outpatient | B7: 689
A8: Pediatrics | B8: 900
A9: Surgery | B9: 852
A10: Grand Total | B10: 4852

Sheet Analysis_5
A3: Row Labels | B3: Sum of Patients Admitted
A4: Consultation | B4: 734
A5: Medication | B5: 735
A6: Lab Test | B6: 763
A7: Admission | B7: 814
A8: Delivery | B8: 891
A9: Surgery | B9: 915
A10: Grand Total | B10: 4852

Sheet Analysis_6
A3: Row Labels | B3: Sum of Patients Admitted
A4: Female | B4: 2551
A5: Male | B5: 2301
A6: Grand Total | B6: 4852

Sheet Analysis_7
A3: Row Labels | B3: Average of Discharge Rate
A4: NAUTH Nnewi | B4: 0.89381167
A5: Barau Dikko Hospital | B5: 0.90240519
A6: Wuse District Hospital | B6: 0.9166336
A7: Amaku General Hospital | B7: 0.91722038
A8: Braithwaite Memorial Hospital | B8: 0.91918651
A9: St Gerard Hospital | B9: 0.92211844
A10: UBTH | B10: 0.92840136
A11: UCH Ibadan | B11: 0.92850529
A12: Ikeja General Hospital | B12: 0.93340476
A13: National Hospital Abuja | B13: 0.94247276
A14: Grand Total | B14: 0.92117123

Sheet Analysis_8
A3: Row Labels | B3: Average of Mortality | E3: Row Labels | F3: Average of Mortality
A4: Emergency | B4: 0.046375153 | E4: Adeoyo Maternity Hospital | F4: 0.057733874
A5: Internal Medicine | B5: 0.055079891 | E5: Amaku General Hospital | F5: 0.055675526
A6: Maternity | B6: 0.046354312 | E6: Barau Dikko Hospital | F6: 0.068552151
A7: Outpatient | B7: 0.068281584 | E7: Braithwaite Memorial Hospital | F7: 0.049900794
A8: Pediatrics | B8: 0.045951559 | E8: Maiduguri Specialist Hospital | F8: 0.058625337
A9: Surgery | B9: 0.038808794 | E9: NAUTH Nnewi | F9: 0.051555127
A10: Grand Total | B10: 0.049509535 | E10: UBTH | F10: 0.056568878
E11: UCH Ibadan | F11: 0.055869709
E12: UMTH | F12: 0.073412698
E13: UPTH | F13: 0.049885531
E14: Grand Total | F14: 0.058104317

Sheet Analysis_9
A3: Row Labels | B3: Average of Avg Stay (Days) | H3: Row Labels | I3: Average of Avg Stay (Days)
A4: Asaba General Hospital | B4: 3.2302326 | H4: Outpatient | I4: 3.097931
A5: LASUTH | B5: 3.202381 | H5: Pediatrics | I5: 2.9839378
A6: UBTH | B6: 3.1214286 | H6: Surgery | I6: 2.9636905
A7: Braithwaite Memorial Hospital | B7: 3.08 | H7: Emergency | I7: 2.9180233
A8: Maiduguri Specialist Hospital | B8: 3.0471698 | H8: Maternity | I8: 2.9052632
A9: St Gerard Hospital | B9: 3.0461538 | H9: Internal Medicine | I9: 2.8125828
A10: Amaku General Hospital | B10: 3.044186 | H10: Grand Total | I10: 2.9464
A11: NAUTH Nnewi | B11: 2.9918919
A12: Ikeja General Hospital | B12: 2.99
A13: UPTH | B13: 2.9596154
A14: Grand Total | B14: 3.0688623

Sheet Analysis_10
A3: Row Labels | B3: Sum of Patients Admitted
A4: Anambra | B4: 372 | H4: Anambra | I4: 372
A5: Borno | B5: 486 | H5: Borno | I5: 486
A6: Delta | B6: 413 | H6: Delta | I6: 413
A7: Edo | B7: 572 | H7: Edo | I7: 572
A8: FCT | B8: 449 | H8: FCT | I8: 449
A9: Kaduna | B9: 629 | H9: Kaduna | I9: 629
A10: Kano | B10: 444 | H10: Kano | I10: 444
A11: Lagos | B11: 469 | H11: Lagos | I11: 469
A12: Oyo | B12: 469 | H12: Oyo | I12: 469
A13: Rivers | B13: 549 | H13: Rivers | I13: 549
A14: Grand Total | B14: 4852

Sheet KPI's and Slicers
A2: Sum of Patients Admitted | D2: Row Labels | E2: Sum of Patients Admitted | G2: Row Labels | H2: Sum of Patients Admitted
A3: 4852 | D3: Central Hospital Benin | E3: 318 | G3: Pediatrics | H3: 900
D4: St Gerard Hospital | E4: 318 | G4: Surgery | H4: 852
D5: Barau Dikko Hospital | E5: 311 | G5: Emergency | H5: 820
A6: Sum of Patients Discharged | D6: Braithwaite Memorial Hospital | E6: 300 | G6: Maternity | H6: 819
A7: 4389 | D7: National Hospital Abuja | E7: 280 | G7: Internal Medicine | H7: 772
D8: Maiduguri Specialist Hospital | E8: 259 | G8: Outpatient | H8: 689
D9: Ikeja General Hospital | E9: 255 | G9: Grand Total | H9: 4852
A10: Overall Mortality Rate | D10: UBTH | E10: 254
A11: =(SUM('Cleaned Datasets'!K:K)/SUM('Cleaned Datasets'!I:I)) -> 0.05008244 | D11: UPTH | E11: 249
D12: Adeoyo Maternity Hospital | E12: 237
D13: Grand Total | E13: 2781
A14: Average of Avg Stay (Days)
A15: 2.9464
D16: Row Labels | E16: Sum of Patients Admitted
D17: Kaduna | E17: 629
D18: Edo | E18: 572
A19: Discharge Rate | D19: Rivers | E19: 549
A20: =SUM('Cleaned Datasets'!J:J)/SUM('Cleaned Datasets'!I:I) -> 0.90457543 | D20: Borno | E20: 486
D21: Oyo | E21: 469
D22: Lagos | E22: 469
D23: FCT | E23: 449
D24: Kano | E24: 444
D25: Delta | E25: 413
D26: Anambra | E26: 372
D27: Grand Total | E27: 4852

Sheet Dashboard
